url,quartier,surface,prix_annonce_m2,prix_marche_m2,ecart_m2,ecart_pct
https://www.bienici.com/annonce/vente/toulon/appartement/4pieces/ag942352-517534778?q=%2Frecherche%2Fachat%2Ftoulon-83000%3Fpage%3D2%26camera%3D8_4.5866739_43.1085545_0_0,Bon Rencontre,75.0,2493.0,2111.78,381.22,18.05
https://www.bienici.com/annonce/vente/toulon/appartement/2pieces/century-21-202_2305_3571?q=%2Frecherche%2Fachat%2Ftoulon-83000%3Fpage%3D2%26camera%3D8_4.5866739_43.1085545_0_0,Saint-Roch,40.0,4300.0,2696.51,1603.49,59.47
https://www.bienici.com/annonce/vente/toulon/appartement/4pieces/ag942352-517060844?q=%2Frecherche%2Fachat%2Ftoulon-83000%3Fpage%3D2%26camera%3D8_4.5866739_43.1085545_0_0,Porte d'Italie,85.0,2941.0,2032.32,908.68,44.71
https://www.bienici.com/annonce/vente/toulon/appartement/1piece/citya-immobilier-41039H-TAPP953655?q=%2Frecherche%2Fachat%2Ftoulon-83000%3Fpage%3D2%26camera%3D8_4.5866739_43.1085545_0_0,Saint-Jean du Var,41.0,1659.0,5445.2,-3786.2,-69.53
https://www.bienici.com/annonce/vente/toulon/appartement/3pieces/iad-france-2023702?q=%2Frecherche%2Fachat%2Ftoulon-83000%3Fpage%3D2%26camera%3D8_4.5866739_43.1085545_0_0,Saint-Roch,83.0,2108.0,2499.57,-391.57,-15.67
https://www.bienici.com/annonce/vente/toulon/appartement/2pieces/iad-france-2023241?q=%2Frecherche%2Fachat%2Ftoulon-83000%3Fpage%3D2%26camera%3D8_4.5866739_43.1085545_0_0,Haute-ville,41.0,3878.0,2442.54,1435.46,58.77
https://www.bienici.com/annonce/vente/toulon/appartement/3pieces/century-21-202_3064_5007?q=%2Frecherche%2Fachat%2Ftoulon-83000%3Fpage%3D2%26camera%3D8_4.5866739_43.1085545_0_0,La Rode,70.0,2996.0,3529.76,-533.76,-15.12
https://www.bienici.com/annonce/vente/toulon/appartement/2pieces/iad-france-2020890?q=%2Frecherche%2Fachat%2Ftoulon-83000%3Fpage%3D2%26camera%3D8_4.5866739_43.1085545_0_0,Centre-ville,50.0,2980.0,3684.0,-704.0,-19.11
https://www.bienici.com/annonce/vente/toulon/appartement/2pieces/citya-immobilier-41039H-TAPP961596?q=%2Frecherche%2Fachat%2Ftoulon-83000%3Fpage%3D2%26camera%3D8_4.5866739_43.1085545_0_0,Saint-Roch,38.0,3000.0,2703.47,296.53,10.97
https://www.bienici.com/annonce/vente/toulon/appartement/3pieces/hektor-bretteimmobilieranne-19935?q=%2Frecherche%2Fachat%2Ftoulon-83000%3Fpage%3D2%26camera%3D8_4.5866739_43.1085545_0_0,Saint-Roch,50.0,2578.0,2575.62,2.38,0.09
https://www.bienici.com/annonce/vente/toulon/appartement/2pieces/citya-immobilier-41039H-TAPP946334A?q=%2Frecherche%2Fachat%2Ftoulon-83000%3Fpage%3D2%26camera%3D8_4.5866739_43.1085545_0_0,Saint-Roch,54.0,2306.0,2515.11,-209.11,-8.31
https://www.bienici.com/annonce/vente/toulon/appartement/2pieces/citya-immobilier-41039H-TAPP967570?q=%2Frecherche%2Fachat%2Ftoulon-83000%3Fpage%3D2%26camera%3D8_4.5866739_43.1085545_0_0,Saint-Jean du Var,43.0,3239.0,5533.78,-2294.78,-41.47
https://www.bienici.com/annonce/vente/toulon/appartement/2pieces/iad-france-2017196?q=%2Frecherche%2Fachat%2Ftoulon-83000%3Fpage%3D2%26camera%3D8_4.5866739_43.1085545_0_0,Aguillon,45.0,3278.0,3416.04,-138.04,-4.04
https://www.bienici.com/annonce/vente/toulon/appartement/4pieces/hektor-bretteimmobilieranne-19826?q=%2Frecherche%2Fachat%2Ftoulon-83000%3Fpage%3D4%26camera%3D8_4.5866739_43.1085545_0_0,Bon Rencontre,89.0,1776.0,2288.7,-512.7,-22.4
https://www.bienici.com/annonce/vente/toulon/appartement/3pieces/iad-france-1989996?q=%2Frecherche%2Fachat%2Ftoulon-83000%3Fpage%3D4%26camera%3D8_4.5866739_43.1085545_0_0,Pont du Las,63.0,3317.0,3185.85,131.15,4.12
https://www.bienici.com/annonce/vente/toulon/appartement/3pieces/iad-france-1990217?q=%2Frecherche%2Fachat%2Ftoulon-83000%3Fpage%3D4%26camera%3D8_4.5866739_43.1085545_0_0,Aguillon,61.0,3607.0,2696.34,910.66,33.77
https://www.bienici.com/annonce/vente/toulon/appartement/2pieces/iad-france-1985705?q=%2Frecherche%2Fachat%2Ftoulon-83000%3Fpage%3D4%26camera%3D8_4.5866739_43.1085545_0_0,Champs-de-Mars,55.0,2709.0,3588.7,-879.7,-24.51
https://www.bienici.com/annonce/vente/toulon/appartement/4pieces/iad-france-1980140?q=%2Frecherche%2Fachat%2Ftoulon-83000%3Fpage%3D4%26camera%3D8_4.5866739_43.1085545_0_0,Saint-Roch,81.0,2346.0,2478.67,-132.67,-5.35
https://www.bienici.com/annonce/vente/toulon/appartement/3pieces/hektor-gustonimmobilier-5254?q=%2Frecherche%2Fachat%2Ftoulon-83000%3Fpage%3D4%26camera%3D8_4.5866739_43.1085545_0_0,Pont du Las,54.0,2463.0,3151.07,-688.07,-21.84
https://www.bienici.com/annonce/vente/toulon/appartement/3pieces/iad-france-1964816?q=%2Frecherche%2Fachat%2Ftoulon-83000%3Fpage%3D4%26camera%3D8_4.5866739_43.1085545_0_0,Pont du Las,50.0,2600.0,3209.24,-609.24,-18.98
https://www.bienici.com/annonce/vente/toulon/appartement/1piece/iad-france-1979039?q=%2Frecherche%2Fachat%2Ftoulon-83000%3Fpage%3D4%26camera%3D8_4.5866739_43.1085545_0_0,Centre-ville,32.0,3094.0,5027.75,-1933.75,-38.46
https://www.bienici.com/annonce/vente/toulon/appartement/3pieces/citya-immobilier-41039H-TAPP950392AA?q=%2Frecherche%2Fachat%2Ftoulon-83000%3Fpage%3D4%26camera%3D8_4.5866739_43.1085545_0_0,Saint-Jean du Var,55.0,2178.0,5251.31,-3073.31,-58.52
https://www.bienici.com/annonce/vente/toulon/appartement/4pieces/iad-france-1970220?q=%2Frecherche%2Fachat%2Ftoulon-83000%3Fpage%3D4%26camera%3D8_4.5866739_43.1085545_0_0,Valbertrand,80.0,2563.0,2344.83,218.17,9.3
https://www.bienici.com/annonce/vente/toulon/appartement/2pieces/iad-france-1964312?q=%2Frecherche%2Fachat%2Ftoulon-83000%3Fpage%3D4%26camera%3D8_4.5866739_43.1085545_0_0,Saint-Roch,49.0,2429.0,2578.51,-149.51,-5.8
https://www.bienici.com/annonce/vente/toulon/appartement/4pieces/iad-france-1962081?q=%2Frecherche%2Fachat%2Ftoulon-83000%3Fpage%3D5%26camera%3D8_4.5866739_43.1085545_0_0,Saint-Roch,82.0,2183.0,2488.63,-305.63,-12.28
https://www.bienici.com/annonce/vente/toulon/appartement/2pieces/iad-france-1960344?q=%2Frecherche%2Fachat%2Ftoulon-83000%3Fpage%3D5%26camera%3D8_4.5866739_43.1085545_0_0,Haute-ville,62.0,2710.0,2180.61,529.39,24.28
https://www.bienici.com/annonce/vente/toulon/maison/5pieces/hektor-mourillon-388558?q=%2Frecherche%2Fachat%2Ftoulon-83000%3Fpage%3D5%26camera%3D8_4.5866739_43.1085545_0_0,Brunet,120.0,5458.0,4697.59,760.41,16.19
https://www.bienici.com/annonce/vente/toulon/appartement/3pieces/hektor-gustonimmobilier-5246?q=%2Frecherche%2Fachat%2Ftoulon-83000%3Fpage%3D5%26camera%3D8_4.5866739_43.1085545_0_0,Pont du Las,58.0,2397.0,3160.92,-763.92,-24.17
https://www.bienici.com/annonce/vente/toulon/appartement/1piece/iad-france-1939681?q=%2Frecherche%2Fachat%2Ftoulon-83000%3Fpage%3D5%26camera%3D8_4.5866739_43.1085545_0_0,Centre-ville,34.0,2794.0,5027.75,-2233.75,-44.43
https://www.bienici.com/annonce/vente/toulon/appartement/4pieces/iad-france-1930499?q=%2Frecherche%2Fachat%2Ftoulon-83000%3Fpage%3D5%26camera%3D8_4.5866739_43.1085545_0_0,Brunet,84.0,2679.0,3682.93,-1003.93,-27.26
https://www.bienici.com/annonce/vente/toulon/appartement/2pieces/iad-france-1934571?q=%2Frecherche%2Fachat%2Ftoulon-83000%3Fpage%3D5%26camera%3D8_4.5866739_43.1085545_0_0,Saint-Roch,47.0,1904.0,2619.07,-715.07,-27.3
https://www.bienici.com/annonce/vente/toulon/appartement/3pieces/iad-france-1902259?q=%2Frecherche%2Fachat%2Ftoulon-83000%3Fpage%3D5%26camera%3D8_4.5866739_43.1085545_0_0,Pont du Las,65.0,2431.0,3214.03,-783.03,-24.36
https://www.bienici.com/annonce/vente/toulon/appartement/2pieces/iad-france-1931136?q=%2Frecherche%2Fachat%2Ftoulon-83000%3Fpage%3D5%26camera%3D8_4.5866739_43.1085545_0_0,Saint-Roch,52.0,3250.0,2525.46,724.54,28.69
https://www.bienici.com/annonce/vente/toulon/appartement/2pieces/century-21-202_3064_4764?q=%2Frecherche%2Fachat%2Ftoulon-83000%3Fpage%3D5%26camera%3D8_4.5866739_43.1085545_0_0,Saint-Roch,38.0,3124.0,2703.47,420.53,15.55
https://www.bienici.com/annonce/vente/toulon/appartement/4pieces/iad-france-1924486?q=%2Frecherche%2Fachat%2Ftoulon-83000%3Fpage%3D5%26camera%3D8_4.5866739_43.1085545_0_0,Pont du Las,84.0,1964.0,3377.53,-1413.53,-41.85
https://www.bienici.com/annonce/vente/toulon/appartement/5pieces/hektor-jessymmo_1-133?q=%2Frecherche%2Fachat%2Ftoulon-83000%3Fpage%3D5%26camera%3D8_4.5866739_43.1085545_0_0,Brunet,98.0,3051.0,4019.6,-968.6,-24.1
https://www.bienici.com/annonce/vente/toulon/appartement/4pieces/hektor-consult-23550?q=%2Frecherche%2Fachat%2Ftoulon-83000%3Fpage%3D5%26camera%3D8_4.5866739_43.1085545_0_0,La Rode,96.0,2813.0,4032.46,-1219.46,-30.24
https://www.bienici.com/annonce/vente/toulon/appartement/3pieces/iad-france-1881011?q=%2Frecherche%2Fachat%2Ftoulon-83000%3Fpage%3D6%26camera%3D8_4.5866739_43.1085545_0_0,Beaulieu,59.0,2780.0,4032.36,-1252.36,-31.06
https://www.bienici.com/annonce/vente/toulon/appartement/3pieces/hektor-gabrieleimmo-421?q=%2Frecherche%2Fachat%2Ftoulon-83000%3Fpage%3D6%26camera%3D8_4.5866739_43.1085545_0_0,Saint-Jean du Var,48.0,2063.0,5539.33,-3476.33,-62.76
https://www.bienici.com/annonce/vente/toulon/appartement/2pieces/iad-france-1846075?q=%2Frecherche%2Fachat%2Ftoulon-83000%3Fpage%3D6%26camera%3D8_4.5866739_43.1085545_0_0,Brunet,34.0,2912.0,3828.32,-916.32,-23.94
https://www.bienici.com/annonce/vente/toulon/appartement/2pieces/iad-france-1817801?q=%2Frecherche%2Fachat%2Ftoulon-83000%3Fpage%3D6%26camera%3D8_4.5866739_43.1085545_0_0,Saint-Roch,45.0,5322.0,2675.8,2646.2,98.89
https://www.bienici.com/annonce/vente/toulon/appartement/3pieces/ag133861-517463609?q=%2Frecherche%2Fachat%2Ftoulon-83000%3Fpage%3D6%26camera%3D8_4.5866739_43.1085545_0_0,Saint-Roch,72.0,1944.0,2454.11,-510.11,-20.79
https://www.bienici.com/annonce/vente/toulon/appartement/3pieces/iad-france-2022407?q=%2Frecherche%2Fachat%2Ftoulon-83000%3Fpage%3D6%26camera%3D8_4.5866739_43.1085545_0_0,Pont du Las,65.0,2231.0,3214.03,-983.03,-30.59
https://www.bienici.com/annonce/vente/toulon/appartement/3pieces/safti-1-1613205?q=%2Frecherche%2Fachat%2Ftoulon-83000%3Fpage%3D6%26camera%3D8_4.5866739_43.1085545_0_0,Haute-ville,45.0,2867.0,2342.63,524.37,22.38
https://www.bienici.com/annonce/vente/toulon/appartement/2pieces/safti-1-1611200?q=%2Frecherche%2Fachat%2Ftoulon-83000%3Fpage%3D6%26camera%3D8_4.5866739_43.1085545_0_0,Champs-de-Mars,38.0,2368.0,4249.0,-1881.0,-44.27
https://www.bienici.com/annonce/vente/toulon/appartement/4pieces/hektor-iboxliberte-390627?q=%2Frecherche%2Fachat%2Ftoulon-83000%3Fpage%3D6%26camera%3D8_4.5866739_43.1085545_0_0,Haute-ville,87.0,3506.0,2203.61,1302.39,59.1
https://www.bienici.com/annonce/vente/toulon/appartement/4pieces/era-2-60012977?q=%2Frecherche%2Fachat%2Ftoulon-83000%3Fpage%3D7%26camera%3D8_4.5866739_43.1085545_0_0,La Rode,85.0,3286.0,4035.42,-749.42,-18.57
https://www.bienici.com/annonce/vente/toulon/appartement/5pieces/safti-1-1610595?q=%2Frecherche%2Fachat%2Ftoulon-83000%3Fpage%3D7%26camera%3D8_4.5866739_43.1085545_0_0,Haute-ville,87.0,2931.0,2203.61,727.39,33.01
https://www.bienici.com/annonce/vente/toulon/appartement/4pieces/netty-company50574bxt-appt-2117?q=%2Frecherche%2Fachat%2Ftoulon-83000%3Fpage%3D7%26camera%3D8_4.5866739_43.1085545_0_0,Saint-Jean du Var,82.0,2720.0,4886.69,-2166.69,-44.34
https://www.bienici.com/annonce/vente/toulon/appartement/4pieces/iad-france-2015885?q=%2Frecherche%2Fachat%2Ftoulon-83000%3Fpage%3D7%26camera%3D8_4.5866739_43.1085545_0_0,Valbertrand,81.0,2778.0,2347.63,430.37,18.33
https://www.bienici.com/annonce/vente/toulon/appartement/4pieces/century-21-202_3648_801?q=%2Frecherche%2Fachat%2Ftoulon-83000%3Fpage%3D7%26camera%3D8_4.5866739_43.1085545_0_0,La Rode,90.0,2711.0,4209.0,-1498.0,-35.59
https://www.bienici.com/annonce/vente/toulon/appartement/4pieces/iad-france-2009117?q=%2Frecherche%2Fachat%2Ftoulon-83000%3Fpage%3D7%26camera%3D8_4.5866739_43.1085545_0_0,Porte d'Italie,82.0,2195.0,1984.0,211.0,10.64
https://www.bienici.com/annonce/vente/toulon/appartement/4pieces/immo-facile-60010696?q=%2Frecherche%2Fachat%2Ftoulon-83000%3Fpage%3D7%26camera%3D8_4.5866739_43.1085545_0_0,Valbertrand,67.0,2767.0,2356.7,410.3,17.41
https://www.bienici.com/annonce/vente/toulon/appartement/4pieces/hektor-lessablettes-390348?q=%2Frecherche%2Fachat%2Ftoulon-83000%3Fpage%3D7%26camera%3D8_4.5866739_43.1085545_0_0,Brunet,95.0,2842.0,4009.46,-1167.46,-29.12
https://www.bienici.com/annonce/vente/toulon/appartement/3pieces/hektor-atlasimmobilier-390031?q=%2Frecherche%2Fachat%2Ftoulon-83000%3Fpage%3D7%26camera%3D8_4.5866739_43.1085545_0_0,Saint-Roch,71.0,3042.0,2449.8,592.2,24.17
https://www.bienici.com/annonce/vente/toulon/appartement/2pieces/iad-france-2001541?q=%2Frecherche%2Fachat%2Ftoulon-83000%3Fpage%3D7%26camera%3D8_4.5866739_43.1085545_0_0,Saint-Roch,31.0,2742.0,2649.62,92.38,3.49
https://www.bienici.com/annonce/vente/toulon/appartement/3pieces/ag832778-511242071?q=%2Frecherche%2Fachat%2Ftoulon-83000%3Fpage%3D8%26camera%3D8_4.5866739_43.1085545_0_0,Saint-Roch,64.0,2172.0,2440.98,-268.98,-11.02
https://www.bienici.com/annonce/vente/toulon/appartement/4pieces/hektor-lpaimmo-27295?q=%2Frecherche%2Fachat%2Ftoulon-83000%3Fpage%3D8%26camera%3D8_4.5866739_43.1085545_0_0,Saint-Jean du Var,74.0,2757.0,4865.17,-2108.17,-43.33
https://www.bienici.com/annonce/vente/toulon/appartement/3pieces/netty-company53630wyb-appt-2657?q=%2Frecherche%2Fachat%2Ftoulon-83000%3Fpage%3D8%26camera%3D8_4.5866739_43.1085545_0_0,Porte d'Italie,43.0,3576.0,2261.15,1314.85,58.15
https://www.bienici.com/annonce/vente/toulon/appartement/2pieces/century-21-202_3064_4985?q=%2Frecherche%2Fachat%2Ftoulon-83000%3Fpage%3D8%26camera%3D8_4.5866739_43.1085545_0_0,Champs-de-Mars,45.0,2166.0,3750.67,-1584.67,-42.25
https://www.bienici.com/annonce/vente/toulon/appartement/2pieces/century-21-202_3064_4984?q=%2Frecherche%2Fachat%2Ftoulon-83000%3Fpage%3D8%26camera%3D8_4.5866739_43.1085545_0_0,Champs-de-Mars,40.0,2551.0,3973.21,-1422.21,-35.8
https://www.bienici.com/annonce/vente/toulon/appartement/4pieces/netty-company53630wyb-appt-2640?q=%2Frecherche%2Fachat%2Ftoulon-83000%3Fpage%3D8%26camera%3D8_4.5866739_43.1085545_0_0,Pont du Las,90.0,2272.0,3480.13,-1208.13,-34.72
https://www.bienici.com/annonce/vente/toulon/appartement/3pieces/iad-france-1995169?q=%2Frecherche%2Fachat%2Ftoulon-83000%3Fpage%3D8%26camera%3D8_4.5866739_43.1085545_0_0,Pont du Las,45.0,4556.0,3191.73,1364.27,42.74
https://www.bienici.com/annonce/vente/toulon/appartement/1piece/iad-france-1992410?q=%2Frecherche%2Fachat%2Ftoulon-83000%3Fpage%3D8%26camera%3D8_4.5866739_43.1085545_0_0,Centre-ville,39.0,3564.0,4317.71,-753.71,-17.46
https://www.bienici.com/annonce/vente/toulon/maison/5pieces/hektor-royal-immo-31053?q=%2Frecherche%2Fachat%2Ftoulon-83000%3Fpage%3D8%26camera%3D8_4.5866739_43.1085545_0_0,Aguillon,122.0,4549.0,3412.83,1136.17,33.29
https://www.bienici.com/annonce/vente/toulon/appartement/2pieces/iad-france-1989634?q=%2Frecherche%2Fachat%2Ftoulon-83000%3Fpage%3D8%26camera%3D8_4.5866739_43.1085545_0_0,Valbertrand,38.0,4079.0,2517.21,1561.79,62.04
https://www.bienici.com/annonce/vente/toulon/appartement/3pieces/safti-1-1582677?q=%2Frecherche%2Fachat%2Ftoulon-83000%3Fpage%3D8%26camera%3D8_4.5866739_43.1085545_0_0,Porte d'Italie,54.0,3476.0,2125.99,1350.01,63.5
https://www.bienici.com/annonce/vente/toulon/appartement/3pieces/safti-1-1584188?q=%2Frecherche%2Fachat%2Ftoulon-83000%3Fpage%3D8%26camera%3D8_4.5866739_43.1085545_0_0,Saint-Jean du Var,66.0,3318.0,5048.48,-1730.48,-34.28
https://www.bienici.com/annonce/vente/toulon/appartement/5pieces/ag311656-506961788?q=%2Frecherche%2Fachat%2Ftoulon-83000%3Fpage%3D9%26camera%3D8_4.5866739_43.1085545_0_0,Bon Rencontre,102.0,2441.0,2236.31,204.69,9.15
https://www.bienici.com/annonce/vente/toulon/appartement/1piece/safti-1-1582616?q=%2Frecherche%2Fachat%2Ftoulon-83000%3Fpage%3D9%26camera%3D8_4.5866739_43.1085545_0_0,Haute-ville,34.0,2529.0,2453.39,75.61,3.08
https://www.bienici.com/annonce/vente/toulon/appartement/5pieces/iad-france-1979627?q=%2Frecherche%2Fachat%2Ftoulon-83000%3Fpage%3D9%26camera%3D8_4.5866739_43.1085545_0_0,Pont du Las,80.0,2113.0,3358.83,-1245.83,-37.09
https://www.bienici.com/annonce/vente/toulon/appartement/4pieces/iad-france-1969751?q=%2Frecherche%2Fachat%2Ftoulon-83000%3Fpage%3D9%26camera%3D8_4.5866739_43.1085545_0_0,Saint-Roch,62.0,1855.0,2459.12,-604.12,-24.57
https://www.bienici.com/annonce/vente/toulon/appartement/2pieces/iad-france-1969433?q=%2Frecherche%2Fachat%2Ftoulon-83000%3Fpage%3D9%26camera%3D8_4.5866739_43.1085545_0_0,Saint-Roch,47.0,2660.0,2619.07,40.93,1.56
https://www.bienici.com/annonce/vente/toulon/appartement/3pieces/iad-france-1962353?q=%2Frecherche%2Fachat%2Ftoulon-83000%3Fpage%3D9%26camera%3D8_4.5866739_43.1085545_0_0,Saint-Roch,63.0,2333.0,2448.45,-115.45,-4.72
https://www.bienici.com/annonce/vente/toulon/appartement/3pieces/safti-1-1564105?q=%2Frecherche%2Fachat%2Ftoulon-83000%3Fpage%3D9%26camera%3D8_4.5866739_43.1085545_0_0,Porte d'Italie,74.0,5392.0,2028.29,3363.71,165.84
https://www.bienici.com/annonce/vente/toulon/appartement/4pieces/netty-company53630wyb-appt-2625?q=%2Frecherche%2Fachat%2Ftoulon-83000%3Fpage%3D9%26camera%3D8_4.5866739_43.1085545_0_0,Saint-Roch,98.0,1997.0,2654.99,-657.99,-24.78
https://www.bienici.com/annonce/vente-de-prestige/toulon/maison/6pieces/safti-1-1566831?q=%2Frecherche%2Fachat%2Ftoulon-83000%3Fpage%3D10%26camera%3D8_4.5866739_43.1085545_0_0,Beaulieu,175.0,4657.0,4835.0,-178.0,-3.68
https://www.bienici.com/annonce/vente/toulon/appartement/2pieces/iad-france-1954506?q=%2Frecherche%2Fachat%2Ftoulon-83000%3Fpage%3D10%26camera%3D8_4.5866739_43.1085545_0_0,Champs-de-Mars,49.0,3041.0,3643.93,-602.93,-16.55
https://www.bienici.com/annonce/vente/toulon/appartement/2pieces/ag311656-499845731?q=%2Frecherche%2Fachat%2Ftoulon-83000%3Fpage%3D10%26camera%3D8_4.5866739_43.1085545_0_0,Champs-de-Mars,45.0,3533.0,3750.67,-217.67,-5.8
https://www.bienici.com/annonce/vente/toulon/appartement/4pieces/safti-1-1563413?q=%2Frecherche%2Fachat%2Ftoulon-83000%3Fpage%3D10%26camera%3D8_4.5866739_43.1085545_0_0,Porte d'Italie,71.0,3845.0,2036.1,1808.9,88.84
https://www.bienici.com/annonce/vente/toulon/appartement/2pieces/hektor-lessablettes-388495?q=%2Frecherche%2Fachat%2Ftoulon-83000%3Fpage%3D10%26camera%3D8_4.5866739_43.1085545_0_0,Pont du Las,50.0,2360.0,3209.24,-849.24,-26.46
https://www.bienici.com/annonce/vente/toulon/appartement/3pieces/immo-facile-58164082?q=%2Frecherche%2Fachat%2Ftoulon-83000%3Fpage%3D10%26camera%3D8_4.5866739_43.1085545_0_0,Beaulieu,59.0,4814.0,4032.36,781.64,19.38
https://www.bienici.com/annonce/vente/toulon/appartement/4pieces/century-21-202_2305_3492?q=%2Frecherche%2Fachat%2Ftoulon-83000%3Fpage%3D10%26camera%3D8_4.5866739_43.1085545_0_0,Valbertrand,67.0,2761.0,2356.7,404.3,17.16
https://www.bienici.com/annonce/vente/toulon/appartement/4pieces/ag832778-494276882?q=%2Frecherche%2Fachat%2Ftoulon-83000%3Fpage%3D10%26camera%3D8_4.5866739_43.1085545_0_0,Centre-ville,112.0,4455.0,4049.37,405.63,10.02
https://www.bienici.com/annonce/vente/toulon/appartement/3pieces/hektor-consult-23564?q=%2Frecherche%2Fachat%2Ftoulon-83000%3Fpage%3D10%26camera%3D8_4.5866739_43.1085545_0_0,Pont du Las,70.0,1843.0,3268.62,-1425.62,-43.62
https://www.bienici.com/annonce/vente/toulon/appartement/4pieces/dr-house-immo-1-3125718?q=%2Frecherche%2Fachat%2Ftoulon-83000%3Fpage%3D10%26camera%3D8_4.5866739_43.1085545_0_0,Aguillon,69.0,2464.0,2577.47,-113.47,-4.4
https://www.bienici.com/annonce/vente/toulon/appartement/3pieces/iad-france-1922695?q=%2Frecherche%2Fachat%2Ftoulon-83000%3Fpage%3D10%26camera%3D8_4.5866739_43.1085545_0_0,Saint-Jean du Var,75.0,2387.0,4865.17,-2478.17,-50.94
https://www.bienici.com/annonce/vente/toulon/appartement/4pieces/hektor-lessablettes-387882?q=%2Frecherche%2Fachat%2Ftoulon-83000%3Fpage%3D11%26camera%3D8_4.5866739_43.1085545_0_0,Aguillon,66.0,2745.0,2593.06,151.94,5.86
https://www.bienici.com/annonce/vente/toulon/appartement/4pieces/hektor-centreville-387846?q=%2Frecherche%2Fachat%2Ftoulon-83000%3Fpage%3D11%26camera%3D8_4.5866739_43.1085545_0_0,Haute-ville,130.0,3846.0,2280.06,1565.94,68.68
https://www.bienici.com/annonce/vente/toulon/appartement/3pieces/safti-1-1527566?q=%2Frecherche%2Fachat%2Ftoulon-83000%3Fpage%3D11%26camera%3D8_4.5866739_43.1085545_0_0,Porte d'Italie,70.0,4214.0,2032.69,2181.31,107.31
https://www.bienici.com/annonce/vente/toulon/appartement/3pieces/ag752647-488231873?q=%2Frecherche%2Fachat%2Ftoulon-83000%3Fpage%3D11%26camera%3D8_4.5866739_43.1085545_0_0,Bon Rencontre,54.0,3278.0,2184.08,1093.92,50.09
https://www.bienici.com/annonce/vente/toulon/appartement/2pieces/nestenn-1-99939309897?q=%2Frecherche%2Fachat%2Ftoulon-83000%3Fpage%3D11%26camera%3D8_4.5866739_43.1085545_0_0,Brunet,47.0,2277.0,3163.95,-886.95,-28.03
https://www.bienici.com/annonce/vente/toulon/appartement/4pieces/hektor-royalimmolavaletteduvar-27156?q=%2Frecherche%2Fachat%2Ftoulon-83000%3Fpage%3D11%26camera%3D8_4.5866739_43.1085545_0_0,Aguillon,78.0,2831.0,2524.45,306.55,12.14
https://www.bienici.com/annonce/vente/toulon/appartement/2pieces/iad-france-1886928?q=%2Frecherche%2Fachat%2Ftoulon-83000%3Fpage%3D11%26camera%3D8_4.5866739_43.1085545_0_0,Saint-Roch,48.0,2021.0,2607.48,-586.48,-22.49
https://www.bienici.com/annonce/vente/toulon/appartement/4pieces/immo-facile-58906350?q=%2Frecherche%2Fachat%2Ftoulon-83000%3Fpage%3D11%26camera%3D8_4.5866739_43.1085545_0_0,Saint-Roch,67.0,2224.0,2429.22,-205.22,-8.45
https://www.bienici.com/annonce/vente/toulon/appartement/3pieces/century-21-202_2305_3412?q=%2Frecherche%2Fachat%2Ftoulon-83000%3Fpage%3D11%26camera%3D8_4.5866739_43.1085545_0_0,Bon Rencontre,56.0,2036.0,2155.6,-119.6,-5.55
https://www.bienici.com/annonce/vente/toulon/appartement/3pieces/iad-france-1848610?q=%2Frecherche%2Fachat%2Ftoulon-83000%3Fpage%3D11%26camera%3D8_4.5866739_43.1085545_0_0,Centre-ville,40.0,3725.0,4317.71,-592.71,-13.73
https://www.bienici.com/annonce/vente/toulon/appartement/5pieces/hektor-gabrieleimmo-207?q=%2Frecherche%2Fachat%2Ftoulon-83000%3Fpage%3D11%26camera%3D8_4.5866739_43.1085545_0_0,Haute-ville,127.0,2906.0,2297.63,608.37,26.48
https://www.bienici.com/annonce/vente/toulon/appartement/2pieces/netty-company51116skq-appt-1915?q=%2Frecherche%2Fachat%2Ftoulon-83000%3Fpage%3D11%26camera%3D8_4.5866739_43.1085545_0_0,Saint-Jean du Var,41.0,2195.0,5445.2,-3250.2,-59.69
https://www.bienici.com/annonce/vente/toulon/appartement/3pieces/hektor-grechimmo83000-110657?q=%2Frecherche%2Fachat%2Ftoulon-83000%3Fpage%3D11%26camera%3D8_4.5866739_43.1085545_0_0,Haute-ville,50.0,4145.0,2286.44,1858.56,81.29
https://www.bienici.com/annonce/vente/toulon/appartement/3pieces/hektor-2_GRECHTOULON2023-110657?q=%2Frecherche%2Fachat%2Ftoulon-83000%3Fpage%3D12%26camera%3D8_4.5866739_43.1085545_0_0,Haute-ville,50.0,4145.0,2286.44,1858.56,81.29
https://www.bienici.com/annonce/vente/toulon/appartement/3pieces/netty-company50574bxt-appt-2017?q=%2Frecherche%2Fachat%2Ftoulon-83000%3Fpage%3D12%26camera%3D8_4.5866739_43.1085545_0_0,Centre-ville,46.0,2826.0,4078.67,-1252.67,-30.71
https://www.bienici.com/annonce/vente/toulon/appartement/5pieces/hektor-lessablettes-383405?q=%2Frecherche%2Fachat%2Ftoulon-83000%3Fpage%3D12%26camera%3D8_4.5866739_43.1085545_0_0,Valbertrand,94.0,2874.0,2319.64,554.36,23.9
https://www.bienici.com/annonce/vente/toulon/appartement/3pieces/immo-facile-57152224?q=%2Frecherche%2Fachat%2Ftoulon-83000%3Fpage%3D12%26camera%3D8_4.5866739_43.1085545_0_0,Valbertrand,59.0,3297.0,2391.01,905.99,37.89
https://www.bienici.com/annonce/vente/toulon/maison/7pieces/hektor-centreville-381607?q=%2Frecherche%2Fachat%2Ftoulon-83000%3Fpage%3D12%26camera%3D8_4.5866739_43.1085545_0_0,Saint-Roch,180.0,3139.0,2929.17,209.83,7.16
https://www.bienici.com/annonce/vente/toulon/appartement/5pieces/century-21-202_2305_3152?q=%2Frecherche%2Fachat%2Ftoulon-83000%3Fpage%3D12%26camera%3D8_4.5866739_43.1085545_0_0,Bon Rencontre,136.0,1594.0,1866.73,-272.73,-14.61
https://www.bienici.com/annonce/vente/toulon/appartement/2pieces/citya-immobilier-41039H-TAPP502106A?q=%2Frecherche%2Fachat%2Ftoulon-83000%3Fpage%3D12%26camera%3D8_4.5866739_43.1085545_0_0,Saint-Jean du Var,42.0,3381.0,5533.78,-2152.78,-38.9
https://www.bienici.com/annonce/vente/toulon/appartement/4pieces/ag832778-516941942?q=%2Frecherche%2Fachat%2Ftoulon-83000%3Fpage%3D12%26camera%3D8_4.5866739_43.1085545_0_0,Pont du Las,65.0,2231.0,3214.03,-983.03,-30.59
https://www.bienici.com/annonce/vente/toulon/appartement/3pieces/ag835636-515812253?q=%2Frecherche%2Fachat%2Ftoulon-83000%3Fpage%3D13%26camera%3D8_4.5866739_43.1085545_0_0,Pont du Las,76.0,2104.0,3289.45,-1185.45,-36.04
https://www.bienici.com/annonce/vente/toulon/maison/6pieces/immo-facile-60117013?q=%2Frecherche%2Fachat%2Ftoulon-83000%3Fpage%3D13%26camera%3D8_4.5866739_43.1085545_0_0,Aguillon,140.0,6321.0,3364.78,2956.22,87.86
https://www.bienici.com/annonce/vente/toulon/appartement/5pieces/hektor-sixfours-390520?q=%2Frecherche%2Fachat%2Ftoulon-83000%3Fpage%3D13%26camera%3D8_4.5866739_43.1085545_0_0,Centre-ville,119.0,2689.0,4025.36,-1336.36,-33.2
https://www.bienici.com/annonce/vente/toulon/appartement/2pieces/ag832778-515470727?q=%2Frecherche%2Fachat%2Ftoulon-83000%3Fpage%3D13%26camera%3D8_4.5866739_43.1085545_0_0,Haute-ville,47.0,3553.0,2346.97,1206.03,51.39
https://www.bienici.com/annonce/vente/toulon/appartement/3pieces/ag340369-515345597?q=%2Frecherche%2Fachat%2Ftoulon-83000%3Fpage%3D13%26camera%3D8_4.5866739_43.1085545_0_0,Champs-de-Mars,72.0,2347.0,3707.1,-1360.1,-36.69
https://www.bienici.com/annonce/vente/toulon/appartement/2pieces/hektor-IMMOBILIERE-DU-CAP-BRUN-113781?q=%2Frecherche%2Fachat%2Ftoulon-83000%3Fpage%3D13%26camera%3D8_4.5866739_43.1085545_0_0,Saint-Roch,64.0,1877.0,2440.98,-563.98,-23.1
https://www.bienici.com/annonce/vente/toulon/appartement/5pieces/century-21-202_2305_3557?q=%2Frecherche%2Fachat%2Ftoulon-83000%3Fpage%3D13%26camera%3D8_4.5866739_43.1085545_0_0,Saint-Roch,85.0,2471.0,2579.3,-108.3,-4.2
https://www.bienici.com/annonce/vente/toulon/appartement/3pieces/safti-1-1602266?q=%2Frecherche%2Fachat%2Ftoulon-83000%3Fpage%3D13%26camera%3D8_4.5866739_43.1085545_0_0,Porte d'Italie,74.0,2162.0,2028.29,133.71,6.59
https://www.bienici.com/annonce/vente/toulon/appartement/3pieces/hektor-atlasimmobilier-390481?q=%2Frecherche%2Fachat%2Ftoulon-83000%3Fpage%3D13%26camera%3D8_4.5866739_43.1085545_0_0,Saint-Roch,56.0,2286.0,2468.18,-182.18,-7.38
https://www.bienici.com/annonce/vente/toulon/appartement/4pieces/hektor-fontpre-390184?q=%2Frecherche%2Fachat%2Ftoulon-83000%3Fpage%3D13%26camera%3D8_4.5866739_43.1085545_0_0,Brunet,67.0,2313.0,3295.0,-982.0,-29.8
https://www.bienici.com/annonce/vente/toulon/appartement/3pieces/safti-1-1600547?q=%2Frecherche%2Fachat%2Ftoulon-83000%3Fpage%3D14%26camera%3D8_4.5866739_43.1085545_0_0,Saint-Jean du Var,63.0,1889.0,4979.29,-3090.29,-62.06
https://www.bienici.com/annonce/vente/toulon/appartement/5pieces/nestenn-1-99939419555?q=%2Frecherche%2Fachat%2Ftoulon-83000%3Fpage%3D14%26camera%3D8_4.5866739_43.1085545_0_0,Haute-ville,120.0,3542.0,2285.28,1256.72,54.99
https://www.bienici.com/annonce/vente/toulon/appartement/3pieces/hektor-atlasimmobilier-390186?q=%2Frecherche%2Fachat%2Ftoulon-83000%3Fpage%3D14%26camera%3D8_4.5866739_43.1085545_0_0,Pont du Las,65.0,2069.0,3214.03,-1145.03,-35.63
https://www.bienici.com/annonce/vente/toulon/appartement/3pieces/hektor-mourillon-389435?q=%2Frecherche%2Fachat%2Ftoulon-83000%3Fpage%3D14%26camera%3D8_4.5866739_43.1085545_0_0,Haute-ville,47.0,2335.0,2346.97,-11.97,-0.51
https://www.bienici.com/annonce/vente/toulon/appartement/4pieces/nestenn-1-99939259083?q=%2Frecherche%2Fachat%2Ftoulon-83000%3Fpage%3D14%26camera%3D8_4.5866739_43.1085545_0_0,Champs-de-Mars,113.0,2473.0,3737.86,-1264.86,-33.84
https://www.bienici.com/annonce/vente/toulon/appartement/2pieces/nestenn-1-99939419373?q=%2Frecherche%2Fachat%2Ftoulon-83000%3Fpage%3D14%26camera%3D8_4.5866739_43.1085545_0_0,Pont du Las,37.0,2291.0,3395.65,-1104.65,-32.53
https://www.bienici.com/annonce/vente/toulon/appartement/3pieces/immo-facile-59969537?q=%2Frecherche%2Fachat%2Ftoulon-83000%3Fpage%3D14%26camera%3D8_4.5866739_43.1085545_0_0,Haute-ville,67.0,2657.0,2203.18,453.82,20.6
https://www.bienici.com/annonce/vente/toulon/appartement/2pieces/hektor-mourillon-390061?q=%2Frecherche%2Fachat%2Ftoulon-83000%3Fpage%3D14%26camera%3D8_4.5866739_43.1085545_0_0,Pont du Las,38.0,3395.0,3409.62,-14.62,-0.43
https://www.bienici.com/annonce/vente/toulon/appartement/2pieces/apimo-86476477?q=%2Frecherche%2Fachat%2Ftoulon-83000%3Fpage%3D14%26camera%3D8_4.5866739_43.1085545_0_0,Saint-Roch,40.0,2250.0,2696.51,-446.51,-16.56
https://www.bienici.com/annonce/vente/toulon/appartement/2pieces/apimo-86488522?q=%2Frecherche%2Fachat%2Ftoulon-83000%3Fpage%3D14%26camera%3D8_4.5866739_43.1085545_0_0,Porte d'Italie,60.0,2808.0,2081.58,726.42,34.9
https://www.bienici.com/annonce/vente/toulon/appartement/2pieces/hektor-centreville-389853?q=%2Frecherche%2Fachat%2Ftoulon-83000%3Fpage%3D15%26camera%3D8_4.5866739_43.1085545_0_0,Pont du Las,68.0,1750.0,3244.94,-1494.94,-46.07
https://www.bienici.com/annonce/vente/toulon/appartement/4pieces/hektor-mourillon-389531?q=%2Frecherche%2Fachat%2Ftoulon-83000%3Fpage%3D15%26camera%3D8_4.5866739_43.1085545_0_0,Aguillon,68.0,2504.0,2573.08,-69.08,-2.68
https://www.bienici.com/annonce/vente/toulon/appartement/3pieces/safti-1-1590360?q=%2Frecherche%2Fachat%2Ftoulon-83000%3Fpage%3D15%26camera%3D8_4.5866739_43.1085545_0_0,Porte d'Italie,53.0,3717.0,2138.58,1578.42,73.81
https://www.bienici.com/annonce/vente/toulon/appartement/3pieces/nestenn-1-99939399812?q=%2Frecherche%2Fachat%2Ftoulon-83000%3Fpage%3D15%26camera%3D8_4.5866739_43.1085545_0_0,Champs-de-Mars,57.0,2368.0,3392.02,-1024.02,-30.19
https://www.bienici.com/annonce/vente/toulon/appartement/3pieces/safti-1-1588415?q=%2Frecherche%2Fachat%2Ftoulon-83000%3Fpage%3D15%26camera%3D8_4.5866739_43.1085545_0_0,Haute-ville,86.0,3372.0,2189.38,1182.62,54.02
https://www.bienici.com/annonce/vente/toulon/appartement/3pieces/hektor-royal-immo-31025?q=%2Frecherche%2Fachat%2Ftoulon-83000%3Fpage%3D15%26camera%3D8_4.5866739_43.1085545_0_0,Brunet,57.0,2702.0,3068.57,-366.57,-11.95
https://www.bienici.com/annonce/vente/toulon/appartement/3pieces/ag440414-508455683?q=%2Frecherche%2Fachat%2Ftoulon-83000%3Fpage%3D15%26camera%3D8_4.5866739_43.1085545_0_0,Centre-ville,96.0,2802.0,4166.17,-1364.17,-32.74
https://www.bienici.com/annonce/vente/toulon/appartement/5pieces/iad-france-1984548?q=%2Frecherche%2Fachat%2Ftoulon-83000%3Fpage%3D15%26camera%3D8_4.5866739_43.1085545_0_0,Saint-Jean du Var,95.0,1884.0,5209.47,-3325.47,-63.84
https://www.bienici.com/annonce/vente/toulon/appartement/2pieces/iad-france-1986843?q=%2Frecherche%2Fachat%2Ftoulon-83000%3Fpage%3D15%26camera%3D8_4.5866739_43.1085545_0_0,Aguillon,41.0,3778.0,3490.38,287.62,8.24
https://www.bienici.com/annonce/vente/toulon/appartement/2pieces/hektor-mtev13600-8483?q=%2Frecherche%2Fachat%2Ftoulon-83000%3Fpage%3D15%26camera%3D8_4.5866739_43.1085545_0_0,Valbertrand,39.0,4590.0,2547.01,2042.99,80.21
https://www.bienici.com/annonce/vente/toulon/appartement/4pieces/iad-france-1980217?q=%2Frecherche%2Fachat%2Ftoulon-83000%3Fpage%3D15%26camera%3D8_4.5866739_43.1085545_0_0,Haute-ville,132.0,3250.0,2317.76,932.24,40.22
https://www.bienici.com/annonce/vente/toulon/appartement/1piece/safti-1-1582604?q=%2Frecherche%2Fachat%2Ftoulon-83000%3Fpage%3D15%26camera%3D8_4.5866739_43.1085545_0_0,Porte d'Italie,26.0,2538.0,3229.8,-691.8,-21.42
https://www.bienici.com/annonce/vente/toulon/appartement/3pieces/hektor-lessablettes-389379?q=%2Frecherche%2Fachat%2Ftoulon-83000%3Fpage%3D16%26camera%3D8_4.5866739_43.1085545_0_0,Saint-Jean du Var,62.0,2016.0,4979.29,-2963.29,-59.51
https://www.bienici.com/annonce/vente/toulon/appartement/4pieces/hektor-lessablettes-389591?q=%2Frecherche%2Fachat%2Ftoulon-83000%3Fpage%3D16%26camera%3D8_4.5866739_43.1085545_0_0,Brunet,70.0,2357.0,3431.44,-1074.44,-31.31
https://www.bienici.com/annonce/vente/toulon/appartement/3pieces/nestenn-1-99939375421?q=%2Frecherche%2Fachat%2Ftoulon-83000%3Fpage%3D16%26camera%3D8_4.5866739_43.1085545_0_0,Saint-Roch,44.0,2270.0,2678.01,-408.01,-15.24
https://www.bienici.com/annonce/vente/toulon/appartement/3pieces/nestenn-1-99939379026?q=%2Frecherche%2Fachat%2Ftoulon-83000%3Fpage%3D16%26camera%3D8_4.5866739_43.1085545_0_0,Valbertrand,65.0,2846.0,2367.47,478.53,20.21
https://www.bienici.com/annonce/vente/toulon/appartement/3pieces/dr-house-immo-1-1129066?q=%2Frecherche%2Fachat%2Ftoulon-83000%3Fpage%3D16%26camera%3D8_4.5866739_43.1085545_0_0,Centre-ville,83.0,2349.0,4473.19,-2124.19,-47.49
https://www.bienici.com/annonce/vente/toulon/appartement/3pieces/citya-immobilier-41039H-TAPP962627?q=%2Frecherche%2Fachat%2Ftoulon-83000%3Fpage%3D16%26camera%3D8_4.5866739_43.1085545_0_0,Champs-de-Mars,72.0,2770.0,3707.1,-937.1,-25.28
https://www.bienici.com/annonce/vente/toulon/appartement/2pieces/hektor-bretteimmobilieranne-19522?q=%2Frecherche%2Fachat%2Ftoulon-83000%3Fpage%3D16%26camera%3D8_4.5866739_43.1085545_0_0,Haute-ville,50.0,2300.0,2286.44,13.56,0.59
https://www.bienici.com/annonce/vente/toulon/appartement/4pieces/hektor-mourillon-389587?q=%2Frecherche%2Fachat%2Ftoulon-83000%3Fpage%3D17%26camera%3D8_4.5866739_43.1085545_0_0,Saint-Roch,67.0,2224.0,2429.22,-205.22,-8.45
https://www.bienici.com/annonce/vente/toulon/appartement/3pieces/safti-1-1566171?q=%2Frecherche%2Fachat%2Ftoulon-83000%3Fpage%3D17%26camera%3D8_4.5866739_43.1085545_0_0,Saint-Roch,51.0,2529.0,2552.72,-23.72,-0.93
https://www.bienici.com/annonce/vente/toulon/appartement/4pieces/ag832778-500964050?q=%2Frecherche%2Fachat%2Ftoulon-83000%3Fpage%3D17%26camera%3D8_4.5866739_43.1085545_0_0,Beaulieu,65.0,1846.0,4169.34,-2323.34,-55.72
https://www.bienici.com/annonce/vente/toulon/appartement/3pieces/iad-france-1958185?q=%2Frecherche%2Fachat%2Ftoulon-83000%3Fpage%3D17%26camera%3D8_4.5866739_43.1085545_0_0,Pont du Las,59.0,1932.0,3169.63,-1237.63,-39.05
https://www.bienici.com/annonce/vente/toulon/appartement/3pieces/twimmo-2058708?q=%2Frecherche%2Fachat%2Ftoulon-83000%3Fpage%3D17%26camera%3D8_4.5866739_43.1085545_0_0,Pont du Las,57.0,1728.0,3158.03,-1430.03,-45.28
https://www.bienici.com/annonce/vente/toulon/appartement/2pieces/nestenn-1-99936061132?q=%2Frecherche%2Fachat%2Ftoulon-83000%3Fpage%3D17%26camera%3D8_4.5866739_43.1085545_0_0,Centre-ville,53.0,5642.0,3955.29,1686.71,42.64
https://www.bienici.com/annonce/vente/toulon/maison/9pieces/iad-france-1744037?q=%2Frecherche%2Fachat%2Ftoulon-83000%3Fpage%3D17%26camera%3D8_4.5866739_43.1085545_0_0,Saint-Jean du Var,130.0,3046.0,8134.06,-5088.06,-62.55
https://www.bienici.com/annonce/vente/toulon/appartement/3pieces/ag340369-500312534?q=%2Frecherche%2Fachat%2Ftoulon-83000%3Fpage%3D17%26camera%3D8_4.5866739_43.1085545_0_0,La Rode,65.0,2446.0,3160.14,-714.14,-22.6
https://www.bienici.com/annonce/vente/toulon/appartement/5pieces/iad-france-1955996?q=%2Frecherche%2Fachat%2Ftoulon-83000%3Fpage%3D17%26camera%3D8_4.5866739_43.1085545_0_0,Haute-ville,100.0,2490.0,2189.61,300.39,13.72
https://www.bienici.com/annonce/vente/toulon/appartement/2pieces/safti-1-1563661?q=%2Frecherche%2Fachat%2Ftoulon-83000%3Fpage%3D17%26camera%3D8_4.5866739_43.1085545_0_0,Haute-ville,40.0,2425.0,2431.86,-6.86,-0.28
https://www.bienici.com/annonce/vente/toulon/appartement/3pieces/ag311656-499489919?q=%2Frecherche%2Fachat%2Ftoulon-83000%3Fpage%3D17%26camera%3D8_4.5866739_43.1085545_0_0,Saint-Roch,52.0,2250.0,2525.46,-275.46,-10.91
https://www.bienici.com/annonce/vente/toulon/appartement/4pieces/hektor-royalimmolavaletteduvar-30553?q=%2Frecherche%2Fachat%2Ftoulon-83000%3Fpage%3D17%26camera%3D8_4.5866739_43.1085545_0_0,La Rode,72.0,2528.0,3684.2,-1156.2,-31.38
https://www.bienici.com/annonce/vente/toulon/appartement/5pieces/ag752647-499120841?q=%2Frecherche%2Fachat%2Ftoulon-83000%3Fpage%3D17%26camera%3D8_4.5866739_43.1085545_0_0,Centre-ville,72.0,4361.0,4641.47,-280.47,-6.04
https://www.bienici.com/annonce/vente/toulon/appartement/3pieces/ag832778-497623838?q=%2Frecherche%2Fachat%2Ftoulon-83000%3Fpage%3D17%26camera%3D8_4.5866739_43.1085545_0_0,Pont du Las,55.0,2273.0,3131.29,-858.29,-27.41
https://www.bienici.com/annonce/vente/toulon/appartement/3pieces/twimmo-2098195?q=%2Frecherche%2Fachat%2Ftoulon-83000%3Fpage%3D18%26camera%3D8_4.5866739_43.1085545_0_0,Brunet,55.0,2435.0,3154.42,-719.42,-22.81
https://www.bienici.com/annonce/vente/toulon/appartement/3pieces/safti-1-1558381?q=%2Frecherche%2Fachat%2Ftoulon-83000%3Fpage%3D18%26camera%3D8_4.5866739_43.1085545_0_0,Haute-ville,53.0,2453.0,2268.35,184.65,8.14
https://www.bienici.com/annonce/vente/toulon/appartement/2pieces/safti-1-1557528?q=%2Frecherche%2Fachat%2Ftoulon-83000%3Fpage%3D18%26camera%3D8_4.5866739_43.1085545_0_0,Porte d'Italie,51.0,2784.0,2170.58,613.42,28.26
https://www.bienici.com/annonce/vente/toulon/appartement/3pieces/hektor-centreville-388171?q=%2Frecherche%2Fachat%2Ftoulon-83000%3Fpage%3D18%26camera%3D8_4.5866739_43.1085545_0_0,Haute-ville,86.0,3480.0,2189.38,1290.62,58.95
https://www.bienici.com/annonce/vente/toulon/appartement/3pieces/hektor-centreville-388175?q=%2Frecherche%2Fachat%2Ftoulon-83000%3Fpage%3D18%26camera%3D8_4.5866739_43.1085545_0_0,Haute-ville,86.0,3480.0,2189.38,1290.62,58.95
https://www.bienici.com/annonce/vente/toulon/appartement/4pieces/century-21-202_3064_4862?q=%2Frecherche%2Fachat%2Ftoulon-83000%3Fpage%3D18%26camera%3D8_4.5866739_43.1085545_0_0,Beaulieu,76.0,6523.0,4648.7,1874.3,40.32
https://www.bienici.com/annonce/viager/toulon/appartement/3pieces/hektor-11_GRECHTOULON2023-112960?q=%2Frecherche%2Fachat%2Ftoulon-83000%3Fpage%3D18%26camera%3D8_4.5866739_43.1085545_0_0,Aguillon,71.0,957.7464788732394,2606.56,-1648.81,-63.26
https://www.bienici.com/annonce/vente/toulon/appartement/4pieces/nestenn-1-99939330156?q=%2Frecherche%2Fachat%2Ftoulon-83000%3Fpage%3D18%26camera%3D8_4.5866739_43.1085545_0_0,Haute-ville,88.0,4346.0,2203.71,2142.29,97.21
https://www.bienici.com/annonce/vente/toulon/appartement/4pieces/immo-facile-59162155?q=%2Frecherche%2Fachat%2Ftoulon-83000%3Fpage%3D18%26camera%3D8_4.5866739_43.1085545_0_0,Saint-Roch,83.0,2066.0,2499.57,-433.57,-17.35
https://www.bienici.com/annonce/vente/toulon/maison/5pieces/iad-france-1904471?q=%2Frecherche%2Fachat%2Ftoulon-83000%3Fpage%3D19%26camera%3D8_4.5866739_43.1085545_0_0,Valbertrand,120.0,4158.0,2325.4,1832.6,78.81
https://www.bienici.com/annonce/vente/toulon/appartement/1piece/hektor-GTIGPI-30057?q=%2Frecherche%2Fachat%2Ftoulon-83000%3Fpage%3D19%26camera%3D8_4.5866739_43.1085545_0_0,Saint-Jean du Var,32.0,3281.0,4943.5,-1662.5,-33.63
https://www.bienici.com/annonce/vente/toulon/appartement/2pieces/hektor-IMMOBILIERE-DU-CAP-BRUN-111112?q=%2Frecherche%2Fachat%2Ftoulon-83000%3Fpage%3D19%26camera%3D8_4.5866739_43.1085545_0_0,Haute-ville,41.0,3634.0,2442.54,1191.46,48.78
https://www.bienici.com/annonce/vente/toulon/appartement/4pieces/ag311656-487985810?q=%2Frecherche%2Fachat%2Ftoulon-83000%3Fpage%3D19%26camera%3D8_4.5866739_43.1085545_0_0,Brunet,64.0,2492.0,3151.4,-659.4,-20.92
https://www.bienici.com/annonce/vente/toulon/appartement/3pieces/ag832778-486789224?q=%2Frecherche%2Fachat%2Ftoulon-83000%3Fpage%3D19%26camera%3D8_4.5866739_43.1085545_0_0,Saint-Jean du Var,57.0,2053.0,5432.75,-3379.75,-62.21
https://www.bienici.com/annonce/vente/toulon/appartement/3pieces/ag832778-486790865?q=%2Frecherche%2Fachat%2Ftoulon-83000%3Fpage%3D19%26camera%3D8_4.5866739_43.1085545_0_0,Pont du Las,64.0,2266.0,3207.86,-941.86,-29.36
https://www.bienici.com/annonce/vente/toulon/appartement/3pieces/ag832778-485528969?q=%2Frecherche%2Fachat%2Ftoulon-83000%3Fpage%3D19%26camera%3D8_4.5866739_43.1085545_0_0,Aguillon,54.0,2315.0,2868.11,-553.11,-19.28
https://www.bienici.com/annonce/vente/toulon/appartement/3pieces/hektor-lpaimmo-27262?q=%2Frecherche%2Fachat%2Ftoulon-83000%3Fpage%3D19%26camera%3D8_4.5866739_43.1085545_0_0,Centre-ville,83.0,3602.0,4473.19,-871.19,-19.48
https://www.bienici.com/annonce/vente/toulon/appartement/4pieces/hektor-gabrieleimmo-417?q=%2Frecherche%2Fachat%2Ftoulon-83000%3Fpage%3D19%26camera%3D8_4.5866739_43.1085545_0_0,Saint-Jean du Var,65.0,1769.0,4979.29,-3210.29,-64.47
https://www.bienici.com/annonce/vente/toulon/appartement/5pieces/iad-france-1823047?q=%2Frecherche%2Fachat%2Ftoulon-83000%3Fpage%3D20%26camera%3D8_4.5866739_43.1085545_0_0,Valbertrand,94.0,2862.0,2319.64,542.36,23.38
https://www.bienici.com/annonce/vente/toulon/appartement/3pieces/century-21-202_2305_3361?q=%2Frecherche%2Fachat%2Ftoulon-83000%3Fpage%3D20%26camera%3D8_4.5866739_43.1085545_0_0,Pont du Las,58.0,2672.0,3160.92,-488.92,-15.47
https://www.bienici.com/annonce/vente/toulon/appartement/3pieces/citya-immobilier-41039H-TAPP941832?q=%2Frecherche%2Fachat%2Ftoulon-83000%3Fpage%3D20%26camera%3D8_4.5866739_43.1085545_0_0,Saint-Jean du Var,55.0,2369.0,5251.31,-2882.31,-54.89
https://www.bienici.com/annonce/vente/toulon/appartement/2pieces/hektor-consult-23522?q=%2Frecherche%2Fachat%2Ftoulon-83000%3Fpage%3D20%26camera%3D8_4.5866739_43.1085545_0_0,Pont du Las,41.0,2098.0,3274.27,-1176.27,-35.92
https://www.bienici.com/annonce/viager/toulon/appartement/4pieces/citya-immobilier-41039H-TAPP939925?q=%2Frecherche%2Fachat%2Ftoulon-83000%3Fpage%3D20%26camera%3D8_4.5866739_43.1085545_0_0,Beaulieu,63.0,1000.0,4095.13,-3095.13,-75.58
https://www.bienici.com/annonce/vente/toulon/appartement/5pieces/hektor-centreville-384155?q=%2Frecherche%2Fachat%2Ftoulon-83000%3Fpage%3D20%26camera%3D8_4.5866739_43.1085545_0_0,Haute-ville,115.0,2996.0,2230.26,765.74,34.33
https://www.bienici.com/annonce/vente/toulon/appartement/3pieces/nestenn-1-99939187427?q=%2Frecherche%2Fachat%2Ftoulon-83000%3Fpage%3D20%26camera%3D8_4.5866739_43.1085545_0_0,Porte d'Italie,64.0,4639.0,2066.9,2572.1,124.44
https://www.bienici.com/annonce/vente/toulon/appartement/3pieces/netty-guilde-appt-7354?q=%2Frecherche%2Fachat%2Ftoulon-83000%3Fpage%3D20%26camera%3D8_4.5866739_43.1085545_0_0,Centre-ville,57.0,3491.0,4514.6,-1023.6,-22.67
https://www.bienici.com/annonce/vente/toulon/appartement/1piece/immo-facile-56279715?q=%2Frecherche%2Fachat%2Ftoulon-83000%3Fpage%3D20%26camera%3D8_4.5866739_43.1085545_0_0,Porte d'Italie,28.0,164.0,2810.09,-2646.09,-94.16
https://www.bienici.com/annonce/vente/toulon/appartement/4pieces/mgc-ancien-SNI_0000_191669?q=%2Frecherche%2Fachat%2Ftoulon-83000%3Fpage%3D20%26camera%3D8_4.5866739_43.1085545_0_0,Champs-de-Mars,85.0,2059.0,3794.26,-1735.26,-45.73
https://www.bienici.com/annonce/vente/toulon/appartement/3pieces/mgc-ancien-SNI_0000_185304?q=%2Frecherche%2Fachat%2Ftoulon-83000%3Fpage%3D20%26camera%3D8_4.5866739_43.1085545_0_0,Saint-Jean du Var,75.0,1853.0,4865.17,-3012.17,-61.91
https://www.bienici.com/annonce/vente/toulon/appartement/4pieces/hektor-lessablettes-390441?q=%2Frecherche%2Fachat%2Ftoulon-83000%3Fpage%3D21%26camera%3D8_4.5866739_43.1085545_0_0,Pont du Las,74.0,2585.0,3260.67,-675.67,-20.72
https://www.bienici.com/annonce/vente/toulon/appartement/4pieces/hektor-sixfours-390675?q=%2Frecherche%2Fachat%2Ftoulon-83000%3Fpage%3D21%26camera%3D8_4.5866739_43.1085545_0_0,Champs-de-Mars,68.0,2118.0,3639.66,-1521.66,-41.81
https://www.bienici.com/annonce/vente/toulon/appartement/3pieces/iad-france-2020350?q=%2Frecherche%2Fachat%2Ftoulon-83000%3Fpage%3D21%26camera%3D8_4.5866739_43.1085545_0_0,Valbertrand,54.0,3635.0,2389.88,1245.12,52.1
https://www.bienici.com/annonce/vente/toulon/appartement/3pieces/iad-france-2023387?q=%2Frecherche%2Fachat%2Ftoulon-83000%3Fpage%3D21%26camera%3D8_4.5866739_43.1085545_0_0,Champs-de-Mars,69.0,4464.0,3577.16,886.84,24.79
https://www.bienici.com/annonce/vente/toulon/appartement/4pieces/century-21-202_2305_3563?q=%2Frecherche%2Fachat%2Ftoulon-83000%3Fpage%3D21%26camera%3D8_4.5866739_43.1085545_0_0,Pont du Las,68.0,2059.0,3244.94,-1185.94,-36.55
https://www.bienici.com/annonce/vente/toulon/appartement/3pieces/hektor-bretteimmobilieranne-19934?q=%2Frecherche%2Fachat%2Ftoulon-83000%3Fpage%3D21%26camera%3D8_4.5866739_43.1085545_0_0,Aguillon,53.0,3245.0,3075.29,169.71,5.52
https://www.bienici.com/annonce/vente/toulon/appartement/3pieces/iad-france-2021624?q=%2Frecherche%2Fachat%2Ftoulon-83000%3Fpage%3D21%26camera%3D8_4.5866739_43.1085545_0_0,Pont du Las,80.0,2125.0,3358.83,-1233.83,-36.73
https://www.bienici.com/annonce/vente/toulon/appartement/2pieces/hektor-lpaimmo-27302?q=%2Frecherche%2Fachat%2Ftoulon-83000%3Fpage%3D22%26camera%3D8_4.5866739_43.1085545_0_0,Centre-ville,51.0,2706.0,3955.29,-1249.29,-31.59
https://www.bienici.com/annonce/vente/toulon/appartement/3pieces/immo-facile-60138513?q=%2Frecherche%2Fachat%2Ftoulon-83000%3Fpage%3D22%26camera%3D8_4.5866739_43.1085545_0_0,Porte d'Italie,52.0,5872.0,2159.56,3712.44,171.91
https://www.bienici.com/annonce/vente/toulon/appartement/4pieces/iad-france-2016724?q=%2Frecherche%2Fachat%2Ftoulon-83000%3Fpage%3D22%26camera%3D8_4.5866739_43.1085545_0_0,Saint-Jean du Var,86.0,2733.0,4833.51,-2100.51,-43.46
https://www.bienici.com/annonce/vente/toulon/appartement/3pieces/hektor-2_GRECHTOULON2023-114176?q=%2Frecherche%2Fachat%2Ftoulon-83000%3Fpage%3D22%26camera%3D8_4.5866739_43.1085545_0_0,Aguillon,54.0,1841.0,2868.11,-1027.11,-35.81
https://www.bienici.com/annonce/vente/toulon/appartement/3pieces/hektor-IMMOBILIERE-DU-CAP-BRUN-114002?q=%2Frecherche%2Fachat%2Ftoulon-83000%3Fpage%3D22%26camera%3D8_4.5866739_43.1085545_0_0,Saint-Roch,53.0,2264.0,2534.54,-270.54,-10.67
https://www.bienici.com/annonce/vente/toulon/appartement/3pieces/iad-france-2022009?q=%2Frecherche%2Fachat%2Ftoulon-83000%3Fpage%3D22%26camera%3D8_4.5866739_43.1085545_0_0,Pont du Las,58.0,2931.0,3160.92,-229.92,-7.27
https://www.bienici.com/annonce/vente/toulon/appartement/3pieces/hektor-grechimmo83000-114176?q=%2Frecherche%2Fachat%2Ftoulon-83000%3Fpage%3D22%26camera%3D8_4.5866739_43.1085545_0_0,Aguillon,54.0,1841.0,2868.11,-1027.11,-35.81
https://www.bienici.com/annonce/vente/toulon/appartement/3pieces/netty-company55106saz-appt-1970?q=%2Frecherche%2Fachat%2Ftoulon-83000%3Fpage%3D22%26camera%3D8_4.5866739_43.1085545_0_0,Saint-Jean du Var,61.0,2780.0,5128.22,-2348.22,-45.79
https://www.bienici.com/annonce/vente/toulon/appartement/5pieces/megagence-1-199596?q=%2Frecherche%2Fachat%2Ftoulon-83000%3Fpage%3D22%26camera%3D8_4.5866739_43.1085545_0_0,Haute-ville,90.0,2767.0,2201.47,565.53,25.69
https://www.bienici.com/annonce/vente/toulon/appartement/3pieces/hektor-royalimmolavaletteduvar-31217?q=%2Frecherche%2Fachat%2Ftoulon-83000%3Fpage%3D22%26camera%3D8_4.5866739_43.1085545_0_0,Saint-Jean du Var,66.0,3182.0,5048.48,-1866.48,-36.97
https://www.bienici.com/annonce/vente/toulon/appartement/3pieces/hektor-lpaimmo-27299?q=%2Frecherche%2Fachat%2Ftoulon-83000%3Fpage%3D23%26camera%3D8_4.5866739_43.1085545_0_0,Haute-ville,67.0,2821.0,2203.18,617.82,28.04
https://www.bienici.com/annonce/vente/toulon/appartement/4pieces/iad-france-2012576?q=%2Frecherche%2Fachat%2Ftoulon-83000%3Fpage%3D23%26camera%3D8_4.5866739_43.1085545_0_0,Bon Rencontre,74.0,2365.0,2113.3,251.7,11.91
https://www.bienici.com/annonce/vente/toulon/appartement/5pieces/hektor-bretteimmobilieranne-19954?q=%2Frecherche%2Fachat%2Ftoulon-83000%3Fpage%3D23%26camera%3D8_4.5866739_43.1085545_0_0,La Rode,116.0,2632.0,3976.92,-1344.92,-33.82
https://www.bienici.com/annonce/vente/toulon/appartement/3pieces/nestenn-1-99939424826?q=%2Frecherche%2Fachat%2Ftoulon-83000%3Fpage%3D23%26camera%3D8_4.5866739_43.1085545_0_0,Aguillon,54.0,3206.0,2868.11,337.89,11.78
https://www.bienici.com/annonce/viager/toulon/appartement/4pieces/hektor-royal-immo-31001?q=%2Frecherche%2Fachat%2Ftoulon-83000%3Fpage%3D23%26camera%3D8_4.5866739_43.1085545_0_0,La Rode,84.0,1476.190476190476,3996.04,-2519.85,-63.06
https://www.bienici.com/annonce/vente/toulon/appartement/2pieces/citya-immobilier-41039H-TAPP964861A?q=%2Frecherche%2Fachat%2Ftoulon-83000%3Fpage%3D23%26camera%3D8_4.5866739_43.1085545_0_0,Haute-ville,71.0,3521.0,2169.74,1351.26,62.28
https://www.bienici.com/annonce/vente/toulon/appartement/4pieces/iad-france-2007752?q=%2Frecherche%2Fachat%2Ftoulon-83000%3Fpage%3D23%26camera%3D8_4.5866739_43.1085545_0_0,Pont du Las,70.0,2129.0,3268.62,-1139.62,-34.87
https://www.bienici.com/annonce/vente/toulon/appartement/2pieces/hektor-royalimmolavaletteduvar-31196?q=%2Frecherche%2Fachat%2Ftoulon-83000%3Fpage%3D23%26camera%3D8_4.5866739_43.1085545_0_0,Aguillon,33.0,3879.0,3746.42,132.58,3.54
https://www.bienici.com/annonce/vente/toulon/appartement/4pieces/century-21-202_2305_3552?q=%2Frecherche%2Fachat%2Ftoulon-83000%3Fpage%3D23%26camera%3D8_4.5866739_43.1085545_0_0,Valbertrand,65.0,2760.0,2367.47,392.53,16.58
https://www.bienici.com/annonce/vente/toulon/appartement/3pieces/iad-france-1997561?q=%2Frecherche%2Fachat%2Ftoulon-83000%3Fpage%3D24%26camera%3D8_4.5866739_43.1085545_0_0,Beaulieu,90.0,2444.0,5307.05,-2863.05,-53.95
https://www.bienici.com/annonce/vente/toulon/appartement/4pieces/iad-france-1999826?q=%2Frecherche%2Fachat%2Ftoulon-83000%3Fpage%3D24%26camera%3D8_4.5866739_43.1085545_0_0,Haute-ville,97.0,5134.0,2199.52,2934.48,133.41
https://www.bienici.com/annonce/vente/toulon/appartement/4pieces/hektor-GTIGPI-31124?q=%2Frecherche%2Fachat%2Ftoulon-83000%3Fpage%3D24%26camera%3D8_4.5866739_43.1085545_0_0,Champs-de-Mars,98.0,2643.0,3945.5,-1302.5,-33.01
https://www.bienici.com/annonce/vente/toulon/appartement/3pieces/iad-france-1999748?q=%2Frecherche%2Fachat%2Ftoulon-83000%3Fpage%3D24%26camera%3D8_4.5866739_43.1085545_0_0,Pont du Las,65.0,3215.0,3214.03,0.97,0.03
https://www.bienici.com/annonce/vente/toulon/appartement/2pieces/hektor-bretteimmobilieranne-19889?q=%2Frecherche%2Fachat%2Ftoulon-83000%3Fpage%3D24%26camera%3D8_4.5866739_43.1085545_0_0,Centre-ville,57.0,2123.0,4514.6,-2391.6,-52.97
https://www.bienici.com/annonce/vente/toulon/appartement/5pieces/hektor-bretteimmobilieranne-19117?q=%2Frecherche%2Fachat%2Ftoulon-83000%3Fpage%3D24%26camera%3D8_4.5866739_43.1085545_0_0,Haute-ville,107.0,2895.0,2226.12,668.88,30.05
https://www.bienici.com/annonce/vente/toulon/maison/8pieces/hektor-bretteimmobilieranne-19433?q=%2Frecherche%2Fachat%2Ftoulon-83000%3Fpage%3D24%26camera%3D8_4.5866739_43.1085545_0_0,Saint-Roch,180.0,2189.0,2929.17,-740.17,-25.27
https://www.bienici.com/annonce/vente/toulon/appartement/4pieces/iad-france-1998658?q=%2Frecherche%2Fachat%2Ftoulon-83000%3Fpage%3D24%26camera%3D8_4.5866739_43.1085545_0_0,La Rode,57.0,2895.0,3097.2,-202.2,-6.53
https://www.bienici.com/annonce/vente/toulon/appartement/2pieces/iad-france-1996734?q=%2Frecherche%2Fachat%2Ftoulon-83000%3Fpage%3D25%26camera%3D8_4.5866739_43.1085545_0_0,Haute-ville,48.0,2813.0,2333.32,479.68,20.56
https://www.bienici.com/annonce/vente/toulon/maison/5pieces/dr-house-immo-1-6130734?q=%2Frecherche%2Fachat%2Ftoulon-83000%3Fpage%3D25%26camera%3D8_4.5866739_43.1085545_0_0,Saint-Jean du Var,126.0,2651.0,8134.06,-5483.06,-67.41
https://www.bienici.com/annonce/vente/toulon/appartement/3pieces/iad-france-1989011?q=%2Frecherche%2Fachat%2Ftoulon-83000%3Fpage%3D25%26camera%3D8_4.5866739_43.1085545_0_0,Saint-Roch,47.0,2234.0,2619.07,-385.07,-14.7
https://www.bienici.com/annonce/vente/toulon/appartement/3pieces/iad-france-1993178?q=%2Frecherche%2Fachat%2Ftoulon-83000%3Fpage%3D25%26camera%3D8_4.5866739_43.1085545_0_0,Pont du Las,62.0,2387.0,3182.38,-795.38,-24.99
https://www.bienici.com/annonce/vente/toulon/appartement/3pieces/hektor-gravier11-314?q=%2Frecherche%2Fachat%2Ftoulon-83000%3Fpage%3D25%26camera%3D8_4.5866739_43.1085545_0_0,Saint-Roch,51.0,2804.0,2552.72,251.28,9.84
https://www.bienici.com/annonce/vente/toulon/appartement/2pieces/laforet-immo-facile-52392290?q=%2Frecherche%2Fachat%2Ftoulon-83000%3Fpage%3D25%26camera%3D8_4.5866739_43.1085545_0_0,Haute-ville,48.0,2292.0,2333.32,-41.32,-1.77
https://www.bienici.com/annonce/vente/toulon/appartement/3pieces/hektor-18_victoriametropole2025-15335?q=%2Frecherche%2Fachat%2Ftoulon-83000%3Fpage%3D25%26camera%3D8_4.5866739_43.1085545_0_0,Saint-Roch,47.0,2534.0,2619.07,-85.07,-3.25
https://www.bienici.com/annonce/vente/toulon/appartement/5pieces/iad-france-1991597?q=%2Frecherche%2Fachat%2Ftoulon-83000%3Fpage%3D25%26camera%3D8_4.5866739_43.1085545_0_0,Centre-ville,96.0,2938.0,4166.17,-1228.17,-29.48
https://www.bienici.com/annonce/vente/toulon/appartement/4pieces/iad-france-1986857?q=%2Frecherche%2Fachat%2Ftoulon-83000%3Fpage%3D25%26camera%3D8_4.5866739_43.1085545_0_0,Beaulieu,63.0,1492.0,4095.13,-2603.13,-63.57
https://www.bienici.com/annonce/vente/toulon/appartement/3pieces/twimmo-2120171?q=%2Frecherche%2Fachat%2Ftoulon-83000%3Fpage%3D26%26camera%3D8_4.5866739_43.1085545_0_0,Pont du Las,53.0,2396.0,3138.45,-742.45,-23.66
https://www.bienici.com/annonce/vente/toulon/appartement/3pieces/dr-house-immo-1-4128150?q=%2Frecherche%2Fachat%2Ftoulon-83000%3Fpage%3D26%26camera%3D8_4.5866739_43.1085545_0_0,Saint-Roch,61.0,3269.0,2477.03,791.97,31.97
https://www.bienici.com/annonce/vente/toulon/appartement/4pieces/citya-immobilier-41039H-TAPP960728AA?q=%2Frecherche%2Fachat%2Ftoulon-83000%3Fpage%3D26%26camera%3D8_4.5866739_43.1085545_0_0,La Rode,93.0,3204.0,4142.68,-938.68,-22.66
https://www.bienici.com/annonce/vente/toulon/appartement/4pieces/century-21-202_2305_3528?q=%2Frecherche%2Fachat%2Ftoulon-83000%3Fpage%3D26%26camera%3D8_4.5866739_43.1085545_0_0,Centre-ville,71.0,3014.0,4641.47,-1627.47,-35.06
https://www.bienici.com/annonce/vente/toulon/appartement/5pieces/hektor-mourillon-389987?q=%2Frecherche%2Fachat%2Ftoulon-83000%3Fpage%3D26%26camera%3D8_4.5866739_43.1085545_0_0,La Rode,103.0,2912.0,4039.38,-1127.38,-27.91
https://www.bienici.com/annonce/vente/toulon/appartement/3pieces/dr-house-immo-1-482762?q=%2Frecherche%2Fachat%2Ftoulon-83000%3Fpage%3D26%26camera%3D8_4.5866739_43.1085545_0_0,Bon Rencontre,51.0,2286.0,2215.38,70.62,3.19
https://www.bienici.com/annonce/vente/toulon/appartement/3pieces/iad-france-1975774?q=%2Frecherche%2Fachat%2Ftoulon-83000%3Fpage%3D27%26camera%3D8_4.5866739_43.1085545_0_0,Beaulieu,81.0,4556.0,4828.67,-272.67,-5.65
https://www.bienici.com/annonce/vente/toulon/appartement/2pieces/hektor-gustonimmobilier-5252?q=%2Frecherche%2Fachat%2Ftoulon-83000%3Fpage%3D27%26camera%3D8_4.5866739_43.1085545_0_0,Haute-ville,49.0,4071.0,2291.63,1779.37,77.65
https://www.bienici.com/annonce/vente/toulon/appartement/3pieces/hektor-mtev13600-8439?q=%2Frecherche%2Fachat%2Ftoulon-83000%3Fpage%3D27%26camera%3D8_4.5866739_43.1085545_0_0,Porte d'Italie,86.0,5093.0,2032.32,3060.68,150.6
https://www.bienici.com/annonce/vente/toulon/appartement/2pieces/nestenn-1-99939382036?q=%2Frecherche%2Fachat%2Ftoulon-83000%3Fpage%3D27%26camera%3D8_4.5866739_43.1085545_0_0,Centre-ville,57.0,1946.0,4514.6,-2568.6,-56.9
https://www.bienici.com/annonce/vente/toulon/maison/5pieces/iad-france-1966211?q=%2Frecherche%2Fachat%2Ftoulon-83000%3Fpage%3D27%26camera%3D8_4.5866739_43.1085545_0_0,Aguillon,130.0,3592.0,3463.81,128.19,3.7
https://www.bienici.com/annonce/vente/toulon/appartement/2pieces/hektor-mourillon-389643?q=%2Frecherche%2Fachat%2Ftoulon-83000%3Fpage%3D27%26camera%3D8_4.5866739_43.1085545_0_0,Champs-de-Mars,58.0,2929.0,3414.24,-485.24,-14.21
https://www.bienici.com/annonce/vente/toulon/appartement/2pieces/iad-france-1967728?q=%2Frecherche%2Fachat%2Ftoulon-83000%3Fpage%3D27%26camera%3D8_4.5866739_43.1085545_0_0,Pont du Las,40.0,2375.0,3300.98,-925.98,-28.05
https://www.bienici.com/annonce/vente/toulon/appartement/2pieces/safti-1-1572152?q=%2Frecherche%2Fachat%2Ftoulon-83000%3Fpage%3D27%26camera%3D8_4.5866739_43.1085545_0_0,Pont du Las,42.0,1810.0,3248.23,-1438.23,-44.28
https://www.bienici.com/annonce/vente/toulon/appartement/3pieces/hektor-17_victoriametropole2025-14503?q=%2Frecherche%2Fachat%2Ftoulon-83000%3Fpage%3D27%26camera%3D8_4.5866739_43.1085545_0_0,Saint-Jean du Var,66.0,1661.0,5048.48,-3387.48,-67.1
